peptide,score,DRB1_0101
AAPLRTITA,1,1
AASAAPLRT,1,1
ADTFRKLFR,1,1
ALGAQKEAI,1,1
ALLSEAVLR,1,1
ALLVNSSQP,1,1
APLRTITAD,1,1
APPRLICDS,1,1
AQKEAISPP,1,1
ASAAPLRTI,1,1
AVEVWQGLA,1,1
AVLRGQALL,1,1
AVSGLRSLT,1,1
AWKRMEVGQ,1,1
CDSRVLERY,1,1
CSLNENITV,1,1
DAASAAPLR,1,1
DKAVSGLRS,1,1
DSRVLERYL,1,1
DTFRKLFRV,1,1
DTKVNFYAW,1,1
EAVLRGQAL,1,1
EHCSLNENI,1,1
ERYLLEAKE,1,1
EVGQQAVEV,1,1
EVWQGLALL,1,1
FLRGKLKLY,1,1
FRKLFRVYS,1,1
FRVYSNFLR,1,1
FYAWKRMEV,1,1
GAQKEAISP,1,1
GKLKLYTGE,1,1
GLALLSEAV,1,1
GLRSLTTLL,1,1
GQALLVNSS,1,1
GQQAVEVWQ,1,1
HCSLNENIT,1,1
HVDKAVSGL,1,1
ICDSRVLER,1,1
ITADTFRKL,1,1
KAVSGLRSL,1,1
KEAISPPDA,1,1
KLFRVYSNF,1,1
KLKLYTGEA,1,1
KLYTGEACR,1,1
KRMEVGQQA,1,1
KVNFYAWKR,1,1
LALLSEAVL,1,1
LERYLLEAK,1,1
LFRVYSNFL,1,1
LGAQKEAIS,1,1
LHVDKAVSG,1,1
LICDSRVLE,1,1
LKLYTGEAC,1,1
LLEAKEAEN,1,1
LLRALGAQK,1,1
LLSEAVLRG,1,1
LLVNSSQPW,1,1
LNENITVPD,1,1
LQLHVDKAV,1,1
LRALGAQKE,1,1
LRGKLKLYT,1,1
LRGQALLVN,1,1
LRSLTTLLR,1,1
LRTITADTF,1,1
LSEAVLRGQ,1,1
LTTLLRALG,1,1
LVNSSQPWE,1,1
LYTGEACRT,1,1
MEVGQQAVE,1,1
NENITVPDT,1,1
NFLRGKLKL,1,1
NFYAWKRME,1,1
NSSQPWEPL,1,1
PDAASAAPL,1,1
PDTKVNFYA,1,1
PLRTITADT,1,1
PPDAASAAP,1,1
PPRLICDSR,1,1
PRLICDSRV,1,1
QALLVNSSQ,1,1
QAVEVWQGL,1,1
QGLALLSEA,1,1
QKEAISPPD,1,1
QLHVDKAVS,1,1
QPWEPLQLH,1,1
QQAVEVWQG,1,1
RALGAQKEA,1,1
RGKLKLYTG,1,1
RGQALLVNS,1,1
RKLFRVYSN,1,1
RLICDSRVL,1,1
RMEVGQQAV,1,1
RSLTTLLRA,1,1
RTITADTFR,1,1
RVLERYLLE,1,1
RVYSNFLRG,1,1
RYLLEAKEA,1,1
SAAPLRTIT,1,1
SEAVLRGQA,1,1
SGLRSLTTL,1,1
SLNENITVP,1,1
SLTTLLRAL,1,1
SNFLRGKLK,1,1
SQPWEPLQL,1,1
SRVLERYLL,1,1
SSQPWEPLQ,1,1
TADTFRKLF,1,1
TFRKLFRVY,1,1
TGEACRTGD,1,1
TITADTFRK,1,1
TKVNFYAWK,1,1
TLLRALGAQ,1,1
TTLLRALGA,1,1
VDKAVSGLR,1,1
VEVWQGLAL,1,1
VGQQAVEVW,1,1
VLERYLLEA,1,1
VLRGQALLV,1,1
VNFYAWKRM,1,1
VNSSQPWEP,1,1
VPDTKVNFY,1,1
VSGLRSLTT,1,1
VWQGLALLS,1,1
VYSNFLRGK,1,1
WKRMEVGQQ,1,1
WQGLALLSE,1,1
YAWKRMEVG,1,1
YLLEAKEAE,1,1
YSNFLRGKL,1,1
YTGEACRTG,1,1
