allele,synonym
HLA class II,
HLA-DP,
HLA-DPA1*01:03,
HLA-DPA1*01:03/DPB1*02:01,
HLA-DPA1*01:03/DPB1*02:12,
HLA-DPA1*01:03/DPB1*02:12 E69K mutant,
HLA-DPA1*01:03/DPB1*03:01,
HLA-DPA1*01:03/DPB1*04:01,
HLA-DPA1*01:03/DPB1*04:02,
HLA-DPA1*01:03/DPB1*05:01,
HLA-DPA1*01:03/DPB1*06:01,
HLA-DPA1*01:03/DPB1*08:01,
HLA-DPA1*01:03/DPB1*14:01,
HLA-DPA1*01:03/DPB1*20:01,
HLA-DPA1*02:01,
HLA-DPA1*02:01/DPB1*01:01,
HLA-DPA1*02:01/DPB1*05:01,
HLA-DPA1*02:01/DPB1*09:01,
HLA-DPA1*02:01/DPB1*14:01,
HLA-DPA1*02:02/DPB1*05:01,
HLA-DPA1*03:01/DPB1*04:02,
HLA-DPB1*01:01,
HLA-DPB1*02:01,
HLA-DPB1*02:01 E69K mutant,
HLA-DPB1*03:01,
HLA-DPB1*04:01,
HLA-DPB1*04:02,
HLA-DPB1*05:01,
HLA-DPB1*06:01,
HLA-DPB1*09:01,
HLA-DPB1*11:01,
HLA-DPB1*13:01,
HLA-DPB1*14:01,
HLA-DPB1*16:01,
HLA-DPB1*17:01,
HLA-DPB1*20:01,
HLA-DPB1*23:01,
HLA-DPB1*31:01,
HLA-DPB1*34:01,
HLA-DPB1*85:01,
HLA-DPw2,
HLA-DPw3,
HLA-DPw4,
HLA-DPw5,
HLA-DQ,
HLA-DQ1,
HLA-DQ2,
HLA-DQ3,
HLA-DQ5,
HLA-DQ6,
HLA-DQ7,
HLA-DQ8,
HLA-DQ9,
HLA-DQA1*01:01,
HLA-DQA1*01:01/DQB1*05:01,
HLA-DQA1*01:01/DQB1*05:03,
HLA-DQA1*01:02,
HLA-DQA1*01:02/DQB1*03:01,
HLA-DQA1*01:02/DQB1*05:01,
HLA-DQA1*01:02/DQB1*05:02,
HLA-DQA1*01:02/DQB1*06:02,
HLA-DQA1*01:02/DQB1*06:04,
HLA-DQA1*01:02/DRB1*15:01,
HLA-DQA1*01:03/DQB1*03:02,
HLA-DQA1*01:03/DQB1*06:01,
HLA-DQA1*01:03/DQB1*06:03,
HLA-DQA1*01:04/DQB1*05:03,
HLA-DQA1*02:01,
HLA-DQA1*02:01/DQB1*02:01,
HLA-DQA1*02:01/DQB1*02:02,
HLA-DQA1*02:01/DQB1*03:01,
HLA-DQA1*02:01/DQB1*03:02,
HLA-DQA1*02:01/DQB1*03:03,
HLA-DQA1*02:01/DQB1*04:02,
HLA-DQA1*03:01,
HLA-DQA1*03:01/DQB1*02:01,
HLA-DQA1*03:01/DQB1*03:01,
HLA-DQA1*03:01/DQB1*03:02,
HLA-DQA1*03:01/DQB1*04:01,
HLA-DQA1*03:02/DQB1*03:01,
HLA-DQA1*03:02/DQB1*03:03,
HLA-DQA1*03:02/DQB1*04:01,
HLA-DQA1*03:03/DQB1*03:01,
HLA-DQA1*03:03/DQB1*04:02,
HLA-DQA1*04:01/DQB1*04:02,
HLA-DQA1*05:01,
HLA-DQA1*05:01/DQB1*02:01,
HLA-DQA1*05:01/DQB1*03:01,
HLA-DQA1*05:01/DQB1*03:02,
HLA-DQA1*05:01/DQB1*03:03,
HLA-DQA1*05:01/DQB1*04:02,
HLA-DQA1*05:05/DQB1*03:01,
HLA-DQA1*06:01/DQB1*04:02,
HLA-DQB1*02:01,
HLA-DQB1*02:02,
HLA-DQB1*03:01,
HLA-DQB1*03:02,
HLA-DQB1*03:03,
HLA-DQB1*03:04,
HLA-DQB1*03:05,
HLA-DQB1*03:19,
HLA-DQB1*04:01,
HLA-DQB1*04:02,
HLA-DQB1*05:01,
HLA-DQB1*05:02,
HLA-DQB1*05:03,
HLA-DQB1*05:04,
HLA-DQB1*06:01,
HLA-DQB1*06:02,
HLA-DQB1*06:03,
HLA-DQB1*06:04,
HLA-DQB1*06:05,
HLA-DQB1*06:09,
HLA-DR,
HLA-DR1,
HLA-DR10,
HLA-DR11,
HLA-DR12,
HLA-DR13,
HLA-DR14,
HLA-DR15,
HLA-DR16,
HLA-DR17,
HLA-DR2,
HLA-DR3,
HLA-DR4,
HLA-DR5,
HLA-DR51,
HLA-DR52,
HLA-DR53,
HLA-DR6,
HLA-DR7,
HLA-DR8,
HLA-DR9,
HLA-DRA*01:01 F54C mutant/DRB1*01:01,
HLA-DRA*01:01/DRB1*01:01,DRB1*01:01
HLA-DRA*01:01/DRB1*01:01 C30S mutant,DRB1*01:01 C30S mutant
HLA-DRA*01:01/DRB1*01:01 G86Y mutant,DRB1*01:01 G86Y mutant
HLA-DRA*01:01/DRB1*03:01,DRB1*03:01
HLA-DRA*01:01/DRB1*03:01 Q74R mutant,DRB1*03:01 Q74R mutant
HLA-DRA*01:01/DRB1*04:01,DRB1*04:01
HLA-DRA*01:01/DRB1*04:04,DRB1*04:04
HLA-DRA*01:01/DRB1*07:01,DRB1*07:01
HLA-DRA*01:01/DRB1*08:01,DRB1*08:01
HLA-DRA*01:01/DRB1*09:01,DRB1*09:01
HLA-DRA*01:01/DRB1*10:01,DRB1*10:01
HLA-DRA*01:01/DRB1*11:01,DRB1*11:01
HLA-DRA*01:01/DRB1*13:01,DRB1*13:01
HLA-DRA*01:01/DRB1*13:02,DRB1*13:02
HLA-DRA*01:01/DRB1*14:54,DRB1*14:54
HLA-DRA*01:01/DRB1*15:01,DRB1*15:01
HLA-DRA*01:01/DRB3*01:01,DRB3*01:01
HLA-DRA*01:01/DRB3*02:02,DRB3*02:02
HLA-DRA*01:01/DRB3*03:01,DRB3*03:01
HLA-DRA*01:01/DRB4*01:01,DRB4*01:01
HLA-DRA*01:01/DRB4*01:03,DRB4*01:03
HLA-DRA*01:01/DRB5*01:01,DRB5*01:01
HLA-DRA*01:02/DRB1*03:01,
HLA-DRA*01:02/DRB1*03:01 Q74R mutant,
HLA-DRA*01:02/DRB1*13:01,
HLA-DRA*01:02/DRB3*01:01,
HLA-DRA*01:02/DRB3*02:02,
HLA-DRB1,
HLA-DRB1*01:01,
HLA-DRB1*01:01 D57A mutant,
"HLA-DRB1*01:01 D57A, Y60H mutant",
HLA-DRB1*01:01 D57V mutant,
"HLA-DRB1*01:01 D57V, Y60S mutant",
HLA-DRB1*01:01 N82A mutant,
HLA-DRB1*01:02,
HLA-DRB1*01:03,
HLA-DRB1*01:04,
HLA-DRB1*01:07,
HLA-DRB1*03:01,
HLA-DRB1*03:02,
HLA-DRB1*03:03,
HLA-DRB1*03:04,
HLA-DRB1*03:05,
HLA-DRB1*03:11,
HLA-DRB1*04:01,
"HLA-DRB1*04:01 Q110N, K139T mutant",
HLA-DRB1*04:02,
HLA-DRB1*04:03,
HLA-DRB1*04:04,
HLA-DRB1*04:05,
HLA-DRB1*04:06,
HLA-DRB1*04:07,
HLA-DRB1*04:08,
HLA-DRB1*04:10,
HLA-DRB1*04:11,
HLA-DRB1*07:01,
HLA-DRB1*07:03,
HLA-DRB1*08:01,
HLA-DRB1*08:02,
HLA-DRB1*08:03,
HLA-DRB1*08:04,
HLA-DRB1*08:18,
HLA-DRB1*08:20,
HLA-DRB1*09:01,
HLA-DRB1*10:01,
HLA-DRB1*11:01,
HLA-DRB1*11:02,
HLA-DRB1*11:03,
HLA-DRB1*11:04,
HLA-DRB1*12:01,
HLA-DRB1*12:02,
HLA-DRB1*13:01,
HLA-DRB1*13:02,
HLA-DRB1*13:03,
HLA-DRB1*13:04,
HLA-DRB1*13:05,
HLA-DRB1*13:07,
HLA-DRB1*13:15,
HLA-DRB1*13:68,
HLA-DRB1*14:01,
HLA-DRB1*14:02,
HLA-DRB1*14:04,
HLA-DRB1*14:05,
HLA-DRB1*14:06,
HLA-DRB1*14:09,
HLA-DRB1*14:10,
HLA-DRB1*14:54,
HLA-DRB1*15:01,
HLA-DRB1*15:02,
HLA-DRB1*15:03,
HLA-DRB1*15:04,
HLA-DRB1*15:06,
HLA-DRB1*16:01,
HLA-DRB1*16:02,
HLA-DRB3,
HLA-DRB3*01:01,
HLA-DRB3*02:01,
HLA-DRB3*02:02,
HLA-DRB3*03:01,
HLA-DRB4,
HLA-DRB4*01:01,
HLA-DRB4*01:02,
HLA-DRB4*01:03,
HLA-DRB5,
HLA-DRB5*01:01,
HLA-DRB5*01:02,
HLA-DRB5*02:02,
